blk_no,street,planning_area,lat,lon,nearest_station,nearest_exit_code,exit_distance_m,route_distance_m,route_time_s,route_status,route_detail
551,ANG MO KIO AVE 10,ANG MO KIO,1.373928620059013,103.8586657137932,ANG MO KIO MRT STATION,Exit D,1080.9000907847449,1442.0,1038.0,ok,
435,ANG MO KIO AVE 10,ANG MO KIO,1.367703678342681,103.8542143130107,ANG MO KIO MRT STATION,Exit A,514.0182874291368,671.0,483.0,ok,
151,ANG MO KIO AVE 5,ANG MO KIO,1.376711052714541,103.8411681906589,MAYFLOWER MRT STATION,Exit 3,542.9330540907608,671.0,483.0,ok,
611,ANG MO KIO AVE 5,ANG MO KIO,1.37829205312001,103.8372518958085,MAYFLOWER MRT STATION,Exit 2,509.0054014795788,867.0,625.0,ok,
126,ANG MO KIO AVE 3,ANG MO KIO,1.371649900209581,103.843644176374,ANG MO KIO MRT STATION,Exit C,679.4960527422219,953.0,686.0,ok,
351,ANG MO KIO ST 32,ANG MO KIO,1.364323666739553,103.8503076325789,ANG MO KIO MRT STATION,Exit A,573.125181093831,1005.0,724.0,ok,
613,ANG MO KIO AVE 4,ANG MO KIO,1.378456615660388,103.8392927148475,MAYFLOWER MRT STATION,Exit 2,583.6114374074278,875.0,630.0,ok,
554,ANG MO KIO AVE 10,ANG MO KIO,1.372820008443298,103.8577840263613,ANG MO KIO MRT STATION,Exit D,943.1696818839325,1274.0,917.0,ok,
612,ANG MO KIO AVE 4,ANG MO KIO,1.378907913744093,103.8386026547157,LENTOR MRT STATION,Exit 4,543.30629621792,717.0,516.0,ok,
122,BEDOK RESERVOIR RD,BEDOK,1.331978867523223,103.9106236687275,KAKI BUKIT MRT STATION,Exit B,366.1492041244356,444.0,319.0,ok,
417,BEDOK NTH AVE 2,BEDOK,1.327575512224871,103.9304823535338,BEDOK MRT STATION,Exit B,378.5849847104064,513.0,370.0,ok,
33,CHAI CHEE AVE,BEDOK,1.324009117943706,103.9258481355516,BEDOK MRT STATION,Exit A,371.09367085011905,464.0,335.0,ok,
711,BEDOK RESERVOIR RD,BEDOK,1.335973416082511,103.9236902958888,BEDOK NORTH MRT STATION,Exit B,536.8404519534864,701.0,505.0,ok,
52,CHAI CHEE ST,BEDOK,1.328696851912046,103.920949989657,BEDOK NORTH MRT STATION,Exit B,643.317775773744,1354.0,976.0,ok,
222C,BEDOK NTH DR,BEDOK,1.3241279645869,103.9280621578997,BEDOK MRT STATION,Exit A,136.69312502815208,351.0,253.0,ok,
23,BEDOK STH AVE 1,BEDOK,1.323298616713831,103.9327626140069,BEDOK MRT STATION,Exit B,359.9773550145526,522.0,376.0,ok,
708,BEDOK NTH RD,BEDOK,1.335036457458797,103.9193119613175,BEDOK NORTH MRT STATION,Exit B,76.42572952323782,197.0,142.0,ok,
27,NEW UPP CHANGI RD,BEDOK,1.324124329312483,103.9349210457719,BEDOK MRT STATION,Exit B,583.610759485256,667.0,480.0,ok,
123,BEDOK NTH ST 2,BEDOK,1.329198686678403,103.9373433478773,BEDOK RESERVOIR MRT STATION,Exit B,923.4939347644977,1152.0,829.0,ok,
32,CHAI CHEE AVE,BEDOK,1.323717283877492,103.9250010845097,BEDOK MRT STATION,Exit A,462.3055281361983,521.0,376.0,ok,
196,BISHAN ST 13,BISHAN,1.348041727284852,103.8507268867918,BISHAN MRT STATION,Exit D,339.9262034639339,442.0,318.0,ok,
178,BISHAN ST 13,BISHAN,1.348127431118234,103.8523302748419,BISHAN MRT STATION,Exit D,402.32321851911354,537.0,387.0,ok,
234,BISHAN ST 22,BISHAN,1.358370577807194,103.8460913554628,BISHAN MRT STATION,Exit B,849.0915041482757,1086.0,782.0,ok,
190,BISHAN ST 13,BISHAN,1.350554927342455,103.8520445359147,BISHAN MRT STATION,Exit D,212.28446816222208,285.0,205.0,ok,
253,BT BATOK EAST AVE 5,BUKIT BATOK,1.350104506709885,103.757619204603,BUKIT BATOK MRT STATION,Exit A,852.0198134708676,1178.0,848.0,ok,
114A,BT BATOK WEST AVE 6,BUKIT BATOK,1.34990668648416,103.7458125461403,BUKIT BATOK MRT STATION,Exit D,403.6321109748534,503.0,362.0,ok,
326,BT BATOK ST 33,BUKIT BATOK,1.3625709989767,103.7481555371841,BUKIT GOMBAK MRT STATION,Exit C,556.3930498996565,762.0,549.0,ok,
262,BT BATOK EAST AVE 4,BUKIT BATOK,1.350623614850884,103.759330011217,BUKIT BATOK MRT STATION,Exit A,1046.7439950756518,1353.0,975.0,ok,
296A,BT BATOK ST 22,BUKIT BATOK,1.344093582183544,103.7464091763762,BUKIT BATOK MRT STATION,Exit D,566.1934555393199,594.0,427.0,ok,
172,BT BATOK WEST AVE 8,BUKIT BATOK,1.345669039300436,103.7404802751415,CHINESE GARDEN MRT STATION,Exit C,910.4173823552829,1282.0,923.0,ok,
527,BT BATOK ST 51,BUKIT BATOK,1.357078841900477,103.751545190783,BUKIT GOMBAK MRT STATION,Exit B,189.773659108164,407.0,292.0,ok,
442B,BT BATOK WEST AVE 8,BUKIT BATOK,1.357133637073179,103.7381722445099,BUKIT GOMBAK MRT STATION,Exit C,1521.9833911593307,1945.0,1400.0,ok,
12,TELOK BLANGAH CRES,BUKIT MERAH,1.277185460248468,103.8195161810062,HARBOURFRONT MRT STATION,Exit A,1246.8035884531066,2222.0,1599.0,ok,
28,TELOK BLANGAH RISE,BUKIT MERAH,1.27394761788206,103.8208669343183,HARBOURFRONT MRT STATION,Exit A,883.3820686210821,1778.0,1281.0,ok,
66,ENG WATT ST,BUKIT MERAH,1.283810451771249,103.832759850443,HAVELOCK MRT STATION,Exit 1,340.5772877571023,467.0,337.0,ok,
8B,BOON TIONG RD,BUKIT MERAH,1.287016949347122,103.8303033466487,TIONG BAHRU MRT STATION,Exit B,320.42588621857567,468.0,337.0,ok,
32,TELOK BLANGAH RISE,BUKIT MERAH,1.273131052974082,103.8216628633453,HARBOURFRONT MRT STATION,Exit D,795.7861366099696,1601.0,1152.0,ok,
7,JLN BT MERAH,BUKIT MERAH,1.287300521305433,103.807988268738,QUEENSTOWN MRT STATION,Exit A,798.0937641766486,1284.0,924.0,ok,
92B,TELOK BLANGAH ST 31,BUKIT MERAH,1.275879169884666,103.8073298053897,TELOK BLANGAH MRT STATION,Exit A,639.96316738461,901.0,649.0,ok,
56,LENGKOK BAHRU,BUKIT MERAH,1.287919475864258,103.8140719036422,REDHILL MRT STATION,Exit A,362.7597383866779,429.0,309.0,ok,
6,KIM TIAN RD,BUKIT MERAH,1.284009680718867,103.8274214213025,TIONG BAHRU MRT STATION,Exit A,200.37436850862414,235.0,169.0,ok,
223,PENDING RD,BUKIT PANJANG,1.375735175103157,103.7736092196429,PENDING LRT STATION,Exit A,261.1891767602378,324.0,234.0,ok,
153,GANGSA RD,BUKIT PANJANG,1.374972166790586,103.7655189821989,PETIR LRT STATION,Exit A,325.0380114935687,476.0,343.0,ok,
650,SENJA LINK,BUKIT PANJANG,1.386910709541184,103.7633101833772,JELAPANG LRT STATION,Exit A,152.16318332733593,214.0,154.0,ok,
154,GANGSA RD,BUKIT PANJANG,1.374816800830054,103.7651093359533,PETIR LRT STATION,Exit A,361.97912871752465,488.0,352.0,ok,
514,JELAPANG RD,BUKIT PANJANG,1.38758753212601,103.7673853648039,SEGAR LRT STATION,Exit A,226.42839281729593,300.0,216.0,ok,
218,PETIR RD,BUKIT PANJANG,1.374465979545104,103.773606267573,PENDING LRT STATION,Exit A,324.97313464159913,375.0,271.0,ok,
677,CHOA CHU KANG CRES,CHOA CHU KANG,1.401510214759637,103.7454818711069,YEW TEE MRT STATION,Exit B,434.42337248159095,677.0,487.0,ok,
159,JLN TECK WHYE,CHOA CHU KANG,1.380216446577318,103.7564637421031,PHOENIX LRT STATION,Exit A,266.9915904836412,344.0,248.0,ok,
770,CHOA CHU KANG ST 54,CHOA CHU KANG,1.394838730628055,103.7503524495002,YEW TEE MRT STATION,Exit C,403.9766167145041,644.0,464.0,ok,
804B,KEAT HONG CL,CHOA CHU KANG,1.373114037238318,103.7418887703697,SOUTH VIEW LRT STATION,Exit A,877.0003428095202,1256.0,905.0,ok,
161B,JLN TECK WHYE,CHOA CHU KANG,1.379839086500681,103.7585538461813,PHOENIX LRT STATION,Exit A,140.27521416680088,782.0,563.0,ok,
439,CHOA CHU KANG AVE 4,CHOA CHU KANG,1.383724134174866,103.739787430026,CHOA CHU KANG MRT STATION,Exit D,514.1805189034777,707.0,509.0,ok,
209,CHOA CHU KANG CTRL,CHOA CHU KANG,1.382826626121633,103.7480144856636,SOUTH VIEW LRT STATION,Exit A,427.45255988571216,702.0,506.0,ok,
786,CHOA CHU KANG DR,CHOA CHU KANG,1.395083407819962,103.748349077227,YEW TEE MRT STATION,Exit C,236.32581829642749,317.0,229.0,ok,
557,CHOA CHU KANG NTH 6,CHOA CHU KANG,1.395569909520562,103.744332777955,YEW TEE MRT STATION,Exit D,362.28412638825546,475.0,342.0,ok,
416,CLEMENTI AVE 1,CLEMENTI,1.310335922353437,103.7713556733826,CLEMENTI MRT STATION,Exit C,754.5740263091401,988.0,711.0,ok,
709,CLEMENTI WEST ST 2,CLEMENTI,1.305330461578531,103.7620035884685,CLEMENTI MRT STATION,Exit D,1050.4266309283978,1536.0,1106.0,ok,
103,CLEMENTI ST 14,CLEMENTI,1.322588547506287,103.7691762057986,CLEMENTI MRT STATION,Exit B,907.4695507426701,1627.0,1172.0,ok,
423,CLEMENTI AVE 1,CLEMENTI,1.309456122083044,103.7699188228563,CLEMENTI MRT STATION,Exit C,699.0236418548362,1100.0,792.0,ok,
459,CLEMENTI AVE 3,CLEMENTI,1.311389416362998,103.7670931759779,CLEMENTI MRT STATION,Exit C,342.59171273535435,430.0,310.0,ok,
76A,CIRCUIT RD,GEYLANG,1.324882637554852,103.8893926512648,MACPHERSON MRT STATION,Exit D,108.27142001526538,82.0,60.0,ok,
23,HAIG RD,GEYLANG,1.313541964555275,103.8954817654927,CC9,F,477.7195399992421,676.0,486.0,ok,
323,UBI AVE 1,GEYLANG,1.328033655604145,103.904398329853,UBI MRT STATION,Exit A,545.9867798596358,681.0,491.0,ok,
97,ALJUNIED CRES,GEYLANG,1.321301212305621,103.8856720316681,MACPHERSON MRT STATION,Exit D,527.6565847705008,797.0,575.0,ok,
3,HAIG RD,GEYLANG,1.311702589648145,103.8973794751855,CC9,F,771.11980884065,982.0,707.0,ok,
2A,GEYLANG SERAI,GEYLANG,1.316996486232182,103.8977489356716,CC9,E,521.9892217003674,941.0,678.0,ok,
616,HOUGANG AVE 8,HOUGANG,1.368886512470828,103.883561152084,KOVAN MRT STATION,Exit B,973.8557752657363,1341.0,966.0,ok,
567,HOUGANG ST 51,HOUGANG,1.378491093124595,103.8890063505016,BUANGKOK MRT STATION,Exit B,677.7041622489946,1152.0,830.0,ok,
981C,BUANGKOK CRES,HOUGANG,1.380448015923277,103.8795793427363,TONGKANG LRT STATION,Exit A,1202.585633688102,2225.0,1602.0,ok,
7,HOUGANG AVE 3,HOUGANG,1.362327218817482,103.8935108076417,HOUGANG MRT STATION,Exit A,884.3301227454018,1383.0,996.0,ok,
984D,BUANGKOK LINK,HOUGANG,1.38237375846969,103.8809545833456,TONGKANG LRT STATION,Exit A,939.501795533985,2101.0,1513.0,ok,
473C,UPP SERANGOON CRES,HOUGANG,1.376280064819007,103.9013875589993,KANGKAR LRT STATION,Exit B,838.1544045763326,1180.0,849.0,ok,
940,HOUGANG ST 92,HOUGANG,1.37348307053931,103.8797777635747,HOUGANG MRT STATION,Exit C,1364.0641270690921,1911.0,1377.0,ok,
406,HOUGANG AVE 10,HOUGANG,1.373639497968692,103.8961876638038,HOUGANG MRT STATION,Exit B,403.984476374689,911.0,656.0,ok,
220,HOUGANG ST 21,HOUGANG,1.356934396352211,103.8845125151174,KOVAN MRT STATION,Exit A,309.2069604143422,649.0,468.0,ok,
308,HOUGANG AVE 5,HOUGANG,1.36680910838232,103.8957560471648,HOUGANG MRT STATION,Exit A,527.5429079844072,892.0,643.0,ok,
114,JURONG EAST ST 13,JURONG EAST,1.339213864856163,103.7346099742851,CHINESE GARDEN MRT STATION,Exit C,294.4383691936916,427.0,307.0,ok,
47,TEBAN GDNS RD,JURONG EAST,1.320126278491681,103.7398884865056,JURONG EAST MRT STATION,Exit B,1412.3377541978982,2346.0,1689.0,ok,
214,JURONG EAST ST 21,JURONG EAST,1.339286259573874,103.7389851894117,JURONG EAST MRT STATION,Exit A,664.8441265987419,1155.0,832.0,ok,
21,TEBAN GDNS RD,JURONG EAST,1.323680649239433,103.7391561565111,JURONG EAST MRT STATION,Exit B,1057.091452089583,2578.0,1856.0,ok,
686C,JURONG WEST CTRL 1,JURONG WEST,1.342266095254728,103.7043093423734,BOON LAY MRT STATION,Exit D,430.96162817481445,600.0,432.0,ok,
826,JURONG WEST ST 81,JURONG WEST,1.34604529493386,103.6944235648461,PIONEER MRT STATION,Exit B,961.577988590242,1185.0,853.0,ok,
836,JURONG WEST ST 81,JURONG WEST,1.342708362746701,103.693576643138,PIONEER MRT STATION,Exit B,670.8491725622315,781.0,563.0,ok,
609,JURONG WEST ST 65,JURONG WEST,1.337935867994358,103.7005864854786,PIONEER MRT STATION,Exit B,384.47498430924463,433.0,311.0,ok,
673A,JURONG WEST ST 65,JURONG WEST,1.344265181913399,103.7012494637255,BOON LAY MRT STATION,Exit E,785.5393875675323,1090.0,785.0,ok,
210,BOON LAY PL,JURONG WEST,1.347790527157709,103.7131344765904,LAKESIDE MRT STATION,Exit A,916.6719024845883,1306.0,941.0,ok,
642,JURONG WEST ST 61,JURONG WEST,1.340369896942001,103.6958398249589,PIONEER MRT STATION,Exit B,316.56520795551296,418.0,301.0,ok,
116,HO CHING RD,JURONG WEST,1.334809878800805,103.7232574176252,LAKESIDE MRT STATION,Exit B,1059.1044829150967,1432.0,1031.0,ok,
849,JURONG WEST ST 81,JURONG WEST,1.345838738074774,103.6916523194753,PIONEER MRT STATION,Exit B,1078.628681770504,1254.0,903.0,ok,
987A,JURONG WEST ST 93,JURONG WEST,1.33652389687164,103.694493942627,PIONEER MRT STATION,Exit A,309.6130263926711,401.0,294.0,ok,
207,BOON LAY PL,JURONG WEST,1.346586102796404,103.7135683540896,LAKESIDE MRT STATION,Exit A,817.7571373023017,1118.0,805.0,ok,
669B,JURONG WEST ST 64,JURONG WEST,1.342849657062749,103.7028042781509,BOON LAY MRT STATION,Exit E,559.2029227324539,756.0,544.0,ok,
715,JURONG WEST ST 71,JURONG WEST,1.343754882046574,103.6964099888134,PIONEER MRT STATION,Exit B,663.4749035555527,877.0,632.0,ok,
3,BEACH RD,KALLANG,1.304187129199378,103.8651933144093,LAVENDER MRT STATION,Exit A,408.790995481822,657.0,474.0,ok,
44,BENDEMEER RD,KALLANG,1.322260136922822,103.8666231026298,GEYLANG BAHRU MRT STATION,Exit A,553.7969631176524,857.0,617.0,ok,
66,KALLANG BAHRU,KALLANG,1.320664456962029,103.8699146042419,GEYLANG BAHRU MRT STATION,Exit A,207.92300462232947,266.0,192.0,ok,
801,FRENCH RD,KALLANG,1.307362418366464,103.8604724351638,LAVENDER MRT STATION,Exit B,243.7759317861194,329.0,237.0,ok,
5,BOON KENG RD,KALLANG,1.316299958262815,103.8603974630536,BOON KENG MRT STATION,Exit C,182.82805901819748,237.0,171.0,ok,
7,BOON KENG RD,KALLANG,1.316789225297443,103.8617819184337,BOON KENG MRT STATION,Exit C,173.05586766314585,219.0,158.0,ok,
79,MARINE DR,MARINE PARADE,1.301533134479941,103.9078120079479,MARINE PARADE MRT STATION,Exit 1,220.38380914637966,319.0,230.0,ok,
84,WHAMPOA DR,NOVENA,1.323190229871982,103.857027960797,BOON KENG MRT STATION,Exit A,604.114207701354,1035.0,746.0,ok,
4,JLN MINYAK,OUTRAM,1.288116825740053,103.8387357624002,HAVELOCK MRT STATION,Exit 5,554.4583319060758,727.0,524.0,ok,
777,PASIR RIS ST 71,PASIR RIS,1.375036114114493,103.9373128165619,PASIR RIS MRT STATION,Exit B,1335.968495371549,1825.0,1314.0,ok,
633,PASIR RIS DR 3,PASIR RIS,1.378009451425777,103.9406866258945,PASIR RIS MRT STATION,Exit B,1098.6051594651526,1573.0,1133.0,ok,
428,PASIR RIS DR 6,PASIR RIS,1.369384051765055,103.95649211363,PASIR RIS MRT STATION,Exit A,883.8060988648618,1122.0,808.0,ok,
628,PASIR RIS DR 3,PASIR RIS,1.379013671884978,103.9409997363545,PASIR RIS MRT STATION,Exit B,1132.4517491533038,1428.0,1028.0,ok,
417,PASIR RIS DR 6,PASIR RIS,1.371939625426957,103.9554516684791,PASIR RIS MRT STATION,Exit A,687.4845233856204,1139.0,820.0,ok,
274B,PUNGGOL PL,PUNGGOL,1.403116262932888,103.9022873635901,PUNGGOL LRT STATION,Exit C,133.0716088054771,173.0,125.0,ok,
667B,PUNGGOL DR,PUNGGOL,1.402110703197845,103.9149166199236,OASIS LRT STATION,Exit B,240.33816659749218,362.0,261.0,ok,
303B,PUNGGOL CTRL,PUNGGOL,1.403916872645464,103.9055313429332,PUNGGOL MRT STATION,Exit B,355.2934959750967,435.0,314.0,ok,
117,EDGEFIELD PLAINS,PUNGGOL,1.395787351720798,103.9066178086992,MERIDIAN LRT STATION,Exit A,279.28880770732513,702.0,505.0,ok,
672C,EDGEFIELD PLAINS,PUNGGOL,1.407437024039237,103.9111964644504,DAMAI LRT STATION,Exit A,358.76136316451004,901.0,649.0,ok,
438B,NORTHSHORE DR,PUNGGOL,1.418706616420117,103.9114418977339,NE18,2,411.0575865995287,554.0,400.0,ok,
186,PUNGGOL CTRL,PUNGGOL,1.398563327896599,103.9110999731661,MERIDIAN LRT STATION,Exit B,295.25146831050046,845.0,609.0,ok,
220C,SUMANG LANE,PUNGGOL,1.401611307375723,103.8960027530797,SOO TECK LRT STATION,Exit A,395.3146159930283,452.0,326.0,ok,
684B,EDGEDALE PLAINS,PUNGGOL,1.403027132330096,103.9150055755684,OASIS LRT STATION,Exit A,268.5777531356381,469.0,338.0,ok,
408C,NORTHSHORE DR,PUNGGOL,1.417488723655168,103.9036341517727,SAMUDERA LRT STATION,Exit B,225.80997361313032,350.0,252.0,ok,
126A,EDGEDALE PLAINS,PUNGGOL,1.394100549691546,103.9113561653929,CORAL EDGE LRT STATION,Exit B,151.04615582051113,249.0,180.0,ok,
2,DOVER RD,QUEENSTOWN,1.303103438842271,103.7829050275955,ONE-NORTH MRT STATION,Exit A,635.122943339744,735.0,529.0,ok,
18,GHIM MOH RD,QUEENSTOWN,1.31015054686009,103.787082418192,BUONA VISTA MRT STATION,Exit A,489.7757367746251,714.0,518.0,ok,
17,DOVER CRES,QUEENSTOWN,1.307654537731739,103.7828912191975,DOVER MRT STATION,Exit A,659.4287125390312,823.0,593.0,ok,
22,GHIM MOH LINK,QUEENSTOWN,1.309356763421278,103.7854897149447,BUONA VISTA MRT STATION,Exit A,596.4754647463674,804.0,579.0,ok,
94,DAWSON RD,QUEENSTOWN,1.296274834101812,103.8112064375748,QUEENSTOWN MRT STATION,Exit B,585.5576697601128,868.0,625.0,ok,
92,C'WEALTH DR,QUEENSTOWN,1.305731753277725,103.8002536943361,COMMONWEALTH MRT STATION,Exit B,411.47278398277814,588.0,424.0,ok,
662,BUFFALO RD,ROCHOR,1.306247229149706,103.8499560339021,LITTLE INDIA MRT STATION,Exit C,30.23971536889496,50.0,36.0,ok,
504B,MONTREAL DR,SEMBAWANG,1.45088207954215,103.8233256949357,SEMBAWANG MRT STATION,Exit D,391.0231365745219,514.0,370.0,ok,
469B,ADMIRALTY DR,SEMBAWANG,1.448268122044296,103.8133483642131,SEMBAWANG MRT STATION,Exit B,718.2283660042019,1128.0,812.0,ok,
314,SEMBAWANG DR,SEMBAWANG,1.443698700282252,103.8211921557902,SEMBAWANG MRT STATION,Exit A,583.9202266116188,822.0,592.0,ok,
340A,SEMBAWANG CL,SEMBAWANG,1.44753390062502,103.8178923454692,SEMBAWANG MRT STATION,Exit B,251.6846680476807,467.0,336.0,ok,
475,SEMBAWANG DR,SEMBAWANG,1.45089730668545,103.8170815931468,SEMBAWANG MRT STATION,Exit C,355.00619542937943,494.0,356.0,ok,
486,ADMIRALTY LINK,SEMBAWANG,1.456027402434614,103.8161001249874,SEMBAWANG MRT STATION,Exit C,865.4891196935253,1132.0,814.0,ok,
458B,SENGKANG WEST RD,SENGKANG,1.392938012085665,103.8701967016377,FERNVALE LRT STATION,Exit A,679.7460213421164,1054.0,759.0,ok,
302B,ANCHORVALE LINK,SENGKANG,1.387862243304194,103.8907050788228,RENJONG LRT STATION,Exit B,120.26036870197228,155.0,112.0,ok,
333A,ANCHORVALE LINK,SENGKANG,1.394684332993559,103.8908683209296,FARMWAY LRT STATION,Exit A,323.4840094862494,513.0,370.0,ok,
303A,ANCHORVALE LINK,SENGKANG,1.387078862495592,103.8907764805165,RENJONG LRT STATION,Exit B,47.75537560055605,94.0,68.0,ok,
405C,FERNVALE LANE,SENGKANG,1.389194666641395,103.873437402619,FERNVALE LRT STATION,Exit A,455.14834289848136,634.0,456.0,ok,
200D,SENGKANG EAST RD,SENGKANG,1.387261511709434,103.8930077063428,RENJONG LRT STATION,Exit B,289.93298801712325,365.0,263.0,ok,
257C,COMPASSVALE RD,SENGKANG,1.392787985485118,103.8963883183324,SENGKANG MRT STATION,Exit D,88.95829159717987,134.0,96.0,ok,
279B,SENGKANG EAST AVE,SENGKANG,1.385415594504446,103.8929860781822,BUANGKOK MRT STATION,A,223.3248743617083,358.0,258.0,ok,
131,RIVERVALE ST,SENGKANG,1.389344247781559,103.9030815712852,BAKAU LRT STATION,Exit A,292.6872517601469,473.0,341.0,ok,
288B,COMPASSVALE CRES,SENGKANG,1.39844660137875,103.8978075531413,CHENG LIM LRT STATION,Exit B,499.8516936513122,709.0,510.0,ok,
162B,RIVERVALE CRES,SENGKANG,1.390359677451131,103.9080765556902,RUMBIA LRT STATION,Exit B,248.48105829044164,407.0,293.0,ok,
178B,RIVERVALE CRES,SENGKANG,1.388546893047179,103.9100340442791,BAKAU LRT STATION,Exit A,511.6407813670825,658.0,474.0,ok,
312A,ANCHORVALE LANE,SENGKANG,1.391733741698724,103.8851556242642,TONGKANG LRT STATION,Exit B,281.4533593706085,422.0,304.0,ok,
316,SERANGOON AVE 2,SERANGOON,1.353011336586355,103.8664717738896,LORONG CHUAN MRT STATION,Exit A,244.53697048867863,303.0,218.0,ok,
530,SERANGOON NTH AVE 4,SERANGOON,1.373394990840466,103.872462890152,KOVAN MRT STATION,Exit B,2001.9843539635087,2699.0,1945.0,ok,
506A,SERANGOON NTH AVE 4,SERANGOON,1.373024290365939,103.875829212325,KOVAN MRT STATION,Exit B,1734.6081819081596,2330.0,1681.0,ok,
535,SERANGOON NTH AVE 4,SERANGOON,1.373806030935258,103.8739802376354,KOVAN MRT STATION,Exit B,1926.8703178986525,2697.0,1944.0,ok,
142,SIMEI ST 2,TAMPINES,1.345349830548421,103.9551272620367,SIMEI MRT STATION,Exit A,332.4154966678932,433.0,312.0,ok,
245,TAMPINES ST 21,TAMPINES,1.35320840937902,103.9464898403628,TAMPINES MRT STATION,Exit B,159.94422326394093,252.0,182.0,ok,
364,TAMPINES ST 34,TAMPINES,1.356938009521423,103.9598734982921,TAMPINES EAST MRT STATION,Exit D,462.0177273723096,811.0,584.0,ok,
277,TAMPINES ST 22,TAMPINES,1.34727819641373,103.951193517105,SIMEI MRT STATION,Exit A,590.474463083758,842.0,608.0,ok,
872B,TAMPINES ST 86,TAMPINES,1.355392085733343,103.9314356191291,TAMPINES MRT STATION,Exit E,1248.6686767355984,1569.0,1130.0,ok,
859D,TAMPINES WALK,TAMPINES,1.354849298331701,103.9406257761198,TAMPINES MRT STATION,Exit G,234.88129641227596,371.0,267.0,ok,
309,TAMPINES ST 32,TAMPINES,1.35346317253703,103.9567910985562,TAMPINES EAST MRT STATION,Exit C,261.90332423166666,394.0,284.0,ok,
268,TAMPINES ST 21,TAMPINES,1.351390288063842,103.9478975352213,TAMPINES MRT STATION,Exit B,393.0966672470362,515.0,371.0,ok,
207,TAMPINES ST 21,TAMPINES,1.351362712078962,103.9522262163625,TAMPINES EAST MRT STATION,Exit B,572.5853739256181,778.0,561.0,ok,
151,TAMPINES ST 12,TAMPINES,1.351400473880474,103.9437933564081,TAMPINES MRT STATION,Exit C,254.15090468123537,341.0,245.0,ok,
151,SIMEI ST 1,TAMPINES,1.345754826591376,103.957268859643,SIMEI MRT STATION,Exit A,515.159278315382,623.0,448.0,ok,
831,TAMPINES ST 83,TAMPINES,1.350362804783764,103.9345545411553,TAMPINES WEST MRT STATION,Exit A,663.9393935873026,842.0,606.0,ok,
880,TAMPINES AVE 8,TAMPINES,1.351326081588526,103.9314788036679,TAMPINES WEST MRT STATION,Exit A,979.175607599584,1158.0,834.0,ok,
322,TAMPINES ST 33,TAMPINES,1.350875955928871,103.958127135791,TAMPINES EAST MRT STATION,Exit C,585.6636835655966,826.0,595.0,ok,
890A,TAMPINES AVE 1,TAMPINES,1.34672449540642,103.9338761144967,TAMPINES WEST MRT STATION,Exit A,495.462816304427,577.0,415.0,ok,
131B,TENGAH GDN AVE,TENGAH,1.356346198897379,103.732858493426,CHINESE GARDEN MRT STATION,Exit A,1548.0678470196021,2494.0,1795.0,ok,
120A,TENGAH DR,TENGAH,1.35836009636405,103.7368365783425,BUKIT GOMBAK MRT STATION,Exit C,1657.0879792047654,2110.0,1520.0,ok,
219A,TENGAH GDN WALK,TENGAH,1.358987082323826,103.7305287661679,CHINESE GARDEN MRT STATION,Exit A,1849.6750373219954,2882.0,2074.0,ok,
122,POTONG PASIR AVE 1,TOA PAYOH,1.334931719981623,103.8661249886507,POTONG PASIR MRT STATION,Exit A,394.8281011204201,472.0,341.0,ok,
127,POTONG PASIR AVE 1,TOA PAYOH,1.335034455233765,103.8655056317367,POTONG PASIR MRT STATION,Exit A,457.8954088665928,554.0,400.0,ok,
179,TOA PAYOH CTRL,TOA PAYOH,1.333900999763312,103.8500928785156,TOA PAYOH MRT STATION,Exit A,313.2022348111038,439.0,316.0,ok,
265A,KIM KEAT AVE,TOA PAYOH,1.33199867342236,103.8598072903191,POTONG PASIR MRT STATION,Exit C,994.4058411926134,1920.0,1383.0,ok,
11,JOO SENG RD,TOA PAYOH,1.335008950477123,103.8807062596666,TAI SENG MRT STATION,Exit A,775.946870442143,998.0,719.0,ok,
215C,BIDADARI PK DR,TOA PAYOH,1.342654575431698,103.8758006069887,BARTLEY MRT STATION,Exit B,358.100573901658,932.0,671.0,ok,
15,JOO SENG RD,TOA PAYOH,1.335501321766225,103.8802314985474,BARTLEY MRT STATION,Exit A,750.285637495733,1577.0,1135.0,ok,
102A,BIDADARI PK DR,TOA PAYOH,1.337355900059674,103.8713906574537,WOODLEIGH MRT STATION,Exit A,137.80542209947447,202.0,146.0,ok,
319,WOODLANDS ST 31,WOODLANDS,1.431508880698344,103.7774002692351,MARSILING MRT STATION,Exit B,359.9149066440479,500.0,360.0,ok,
429,WOODLANDS ST 41,WOODLANDS,1.426616849002343,103.7729485695617,MARSILING MRT STATION,Exit C,657.965729677727,850.0,613.0,ok,
787D,WOODLANDS CRES,WOODLANDS,1.445117270564219,103.8017333124559,ADMIRALTY MRT STATION,Exit D,511.3509778596897,690.0,497.0,ok,
542,WOODLANDS DR 16,WOODLANDS,1.427731874853323,103.7936250578709,WOODLANDS SOUTH MRT STATION,Exit 2,27.407685910717053,134.0,97.0,ok,
122,MARSILING RISE,WOODLANDS,1.439166197173152,103.7796586030321,WOODLANDS MRT STATION,Exit 1,729.1929280126266,999.0,719.0,ok,
723,WOODLANDS AVE 6,WOODLANDS,1.445372524411665,103.7989678481026,ADMIRALTY MRT STATION,Exit C,559.19386939495,746.0,537.0,ok,
780A,WOODLANDS CRES,WOODLANDS,1.448678906829961,103.8007708186601,ADMIRALTY MRT STATION,Exit C,899.1061217772645,1130.0,814.0,ok,
609,WOODLANDS RING RD,WOODLANDS,1.435976248696684,103.7962135614679,ADMIRALTY MRT STATION,Exit B,668.0040209915117,838.0,603.0,ok,
550,WOODLANDS DR 44,WOODLANDS,1.432729459159216,103.7947773584383,WOODLANDS SOUTH MRT STATION,Exit 2,589.6367494234702,821.0,591.0,ok,
882,WOODLANDS ST 82,WOODLANDS,1.444257986791199,103.7909304414974,WOODLANDS NORTH MRT STATION,Exit 1,735.7146965652172,2778.0,2000.0,ok,
707,WOODLANDS DR 40,WOODLANDS,1.440617019717227,103.7966466237498,ADMIRALTY MRT STATION,Exit C,433.066833139632,574.0,413.0,ok,
693D,WOODLANDS AVE 6,WOODLANDS,1.437456760876831,103.8043962359519,ADMIRALTY MRT STATION,Exit D,480.2166847651702,673.0,485.0,ok,
794,WOODLANDS DR 72,WOODLANDS,1.442574490852549,103.8035940821331,ADMIRALTY MRT STATION,Exit D,336.0564313562554,427.0,307.0,ok,
171,YISHUN AVE 7,YISHUN,1.436916210229765,103.8321320152639,CANBERRA MRT STATION,Exit C,708.3492042548751,1005.0,723.0,ok,
424C,YISHUN AVE 11,YISHUN,1.423258712095959,103.8491549964349,YISHUN MRT STATION,Exit E,1662.3251470709597,2004.0,1443.0,ok,
436,YISHUN AVE 11,YISHUN,1.421378780909371,103.8461005524199,KHATIB MRT STATION,Exit D,1482.866789172181,2011.0,1448.0,ok,
348A,YISHUN AVE 11,YISHUN,1.427353081024063,103.8412191803693,YISHUN MRT STATION,Exit E,671.0039913364383,1009.0,727.0,ok,
833,YISHUN ST 81,YISHUN,1.414548363109873,103.834104401466,KHATIB MRT STATION,Exit A,308.46521275396566,460.0,332.0,ok,
723,YISHUN ST 71,YISHUN,1.426019545221467,103.8299394637193,YISHUN MRT STATION,Exit D,646.0833656047386,904.0,652.0,ok,
338C,YISHUN AVE 6,YISHUN,1.433746032088623,103.8457746880637,YISHUN MRT STATION,Exit E,1214.1347366009252,1595.0,1148.0,ok,
853,YISHUN RING RD,YISHUN,1.416451294532496,103.8367411384717,KHATIB MRT STATION,Exit D,420.83172376262314,518.0,373.0,ok,
867,YISHUN ST 81,YISHUN,1.413906054508136,103.8380051654584,KHATIB MRT STATION,Exit A,664.8932776092232,758.0,546.0,ok,
465B,YISHUN AVE 6,YISHUN,1.426005374483831,103.8504787124337,YISHUN MRT STATION,Exit E,1698.555403293423,2215.0,1595.0,ok,
830,YISHUN ST 81,YISHUN,1.414238374249967,103.8339537963579,KHATIB MRT STATION,Exit A,333.8553622750063,468.0,337.0,ok,
507A,YISHUN AVE 4,YISHUN,1.415287923484372,103.8398465013901,KHATIB MRT STATION,Exit D,789.4067153370922,1070.0,770.0,ok,
