name,category,category_source_url,care_24h,care_24h_source_url,note,retrieved_on
ALEXANDRA HOSPITAL,public_acute,https://www.cpf.gov.sg/content/dam/web/member/healthcare/documents/list-of-medical-institutions-medisave-medishield-life.pdf,urgent_care_centre,https://www.moh.gov.sg/seeking-healthcare/find-a-facility-or-service/types-of-medical-facilities-and-services/acute-hospitals/,MOH: the one general hospital without a 24-hour emergency department; has an Urgent Care Centre,2026-09-30
ANG MO KIO - THYE HUA KWAN HOSPITAL,community,https://www.cpf.gov.sg/content/dam/web/member/healthcare/documents/list-of-medical-institutions-medisave-medishield-life.pdf,not_assessed,,Government-funded community hospital (step-down care),2026-09-30
CHANGI GENERAL HOSPITAL,public_acute,https://www.cpf.gov.sg/content/dam/web/member/healthcare/documents/list-of-medical-institutions-medisave-medishield-life.pdf,emergency_department,https://www.moh.gov.sg/others/resources-and-statistics/healthcare-institution-statistics-attendances-at-emergency-medicine-departments/,,2026-09-30
CRAWFURD HOSPITAL,private,https://www.cpf.gov.sg/content/dam/web/member/healthcare/documents/list-of-medical-institutions-medisave-medishield-life.pdf,outpatient_24h,https://crawfurdhospital.com/our-facilities/,"31-bed private hospital; '24-hour outpatient clinic', no emergency department",2026-09-30
Changi Medical Facility,prison,https://en.wikipedia.org/wiki/Changi_Prison,not_assessed,,Theme location is ~270 m from Changi Prison Complex's coordinates; not open to the public,2026-09-30
FARRER PARK HOSPITAL,private,https://www.cpf.gov.sg/content/dam/web/member/healthcare/documents/list-of-medical-institutions-medisave-medishield-life.pdf,urgent_care_centre,https://www.farrerpark.com/Services/24HRMUC.html,'24-Hour Medical Urgency Clinic',2026-09-30
GLENEAGLES HOSPITAL,private,https://www.cpf.gov.sg/content/dam/web/member/healthcare/documents/list-of-medical-institutions-medisave-medishield-life.pdf,urgent_care_centre,https://www.gleneagles.com.sg/24hr-urgent-care-centre/overview,'24-Hour Urgent Care Centre',2026-09-30
INSTITUTE OF MENTAL HEALTH / WOODBRIDGE HOSPITAL,psychiatric,https://www.moh.gov.sg/seeking-healthcare/find-a-facility-or-service/types-of-medical-facilities-and-services/acute-hospitals/,not_assessed,,MOH: the public psychiatry hospital,2026-09-30
JURONG COMMUNITY HOSPITAL,community,https://www.cpf.gov.sg/content/dam/web/member/healthcare/documents/list-of-medical-institutions-medisave-medishield-life.pdf,not_assessed,,Government-funded community hospital; shares a campus with Ng Teng Fong General Hospital,2026-09-30
KHOO TECK PUAT HOSPITAL,public_acute,https://www.cpf.gov.sg/content/dam/web/member/healthcare/documents/list-of-medical-institutions-medisave-medishield-life.pdf,emergency_department,https://www.moh.gov.sg/others/resources-and-statistics/healthcare-institution-statistics-attendances-at-emergency-medicine-departments/,,2026-09-30
KK WOMEN'S AND CHILDREN'S HOSPITAL,public_specialty,https://www.moh.gov.sg/seeking-healthcare/find-a-facility-or-service/types-of-medical-facilities-and-services/acute-hospitals/,specialty_emergency,https://www.kkh.com.sg/our-specialties/urgent-og-centre,24-hour Children's Emergency and 24-hour Urgent O&G Centre: children and women only; excluded from MOH's emergency department statistics,2026-09-30
MOUNT ALVERNIA HOSPITAL,private,https://www.cpf.gov.sg/content/dam/web/member/healthcare/documents/list-of-medical-institutions-medisave-medishield-life.pdf,urgent_care_centre,https://mtalvernia.sg/clinical_services/24hr-urgent-care-centre/,'24hr Urgent Care Centre'; CPF lists as private (MOH: the one not-for-profit private hospital),2026-09-30
MOUNT ELIZABETH HOSPITAL,private,https://www.cpf.gov.sg/content/dam/web/member/healthcare/documents/list-of-medical-institutions-medisave-medishield-life.pdf,urgent_care_centre,https://www.mountelizabeth.com.sg/facilities-services/general-facilities/accident-emergency,"'Urgent Care Centre', 24 hours",2026-09-30
MOUNT ELIZABETH NOVENA HOSPITAL,private,https://www.cpf.gov.sg/content/dam/web/member/healthcare/documents/list-of-medical-institutions-medisave-medishield-life.pdf,urgent_care_centre,https://www.mountelizabeth.com.sg/facilities-services/general-facilities/accident-emergency,"'Urgent Care Centre', 24 hours",2026-09-30
NATIONAL HEART CENTRE SINGAPORE,public_specialty,https://www.cpf.gov.sg/content/dam/web/member/healthcare/documents/list-of-medical-institutions-medisave-medishield-life.pdf,none,https://www.moh.gov.sg/others/resources-and-statistics/healthcare-institution-statistics-attendances-at-emergency-medicine-departments/,National specialty centre on the SGH campus; not among MOH's emergency departments,2026-09-30
NATIONAL UNIVERSITY HOSPITAL,public_acute,https://www.cpf.gov.sg/content/dam/web/member/healthcare/documents/list-of-medical-institutions-medisave-medishield-life.pdf,emergency_department,https://www.moh.gov.sg/others/resources-and-statistics/healthcare-institution-statistics-attendances-at-emergency-medicine-departments/,,2026-09-30
NG TENG FONG GENERAL HOSPITAL,public_acute,https://www.cpf.gov.sg/content/dam/web/member/healthcare/documents/list-of-medical-institutions-medisave-medishield-life.pdf,emergency_department,https://www.moh.gov.sg/others/resources-and-statistics/healthcare-institution-statistics-attendances-at-emergency-medicine-departments/,,2026-09-30
OUTRAM COMMUNITY HOSPITAL,community,https://www.cpf.gov.sg/content/dam/web/member/healthcare/documents/list-of-medical-institutions-medisave-medishield-life.pdf,not_assessed,,Government-funded community hospital; on the SGH campus,2026-09-30
PARKWAY EAST HOSPITAL,private,https://www.parkwayeast.com.sg/facilities-services/general-facilities/accident-emergency,urgent_care_centre,https://www.parkwayeast.com.sg/facilities-services/general-facilities/accident-emergency,Not in the CPF list; MOH counts 9 private hospitals and this is the ninth. Page titled 'Urgent Care Centre',2026-09-30
RAFFLES HOSPITAL,private,https://www.cpf.gov.sg/content/dam/web/member/healthcare/documents/list-of-medical-institutions-medisave-medishield-life.pdf,urgent_care_centre,https://www.rafflesmedicalgroup.com/services/raffles24-acute-and-critical-care/,"'Raffles24 Acute & Critical Care', 24 hours; states it is the only private hospital MOH-certified for acute trauma care",2026-09-30
REN CI COMMUNITY HOSPITAL,community,https://www.cpf.gov.sg/content/dam/web/member/healthcare/documents/list-of-medical-institutions-medisave-medishield-life.pdf,not_assessed,,Government-funded community hospital,2026-09-30
SENGKANG COMMUNITY HOSPITAL,community,https://www.cpf.gov.sg/content/dam/web/member/healthcare/documents/list-of-medical-institutions-medisave-medishield-life.pdf,not_assessed,,Government-funded community hospital; shares a campus with Sengkang General Hospital,2026-09-30
SENGKANG GENERAL HOSPITAL,public_acute,https://www.cpf.gov.sg/content/dam/web/member/healthcare/documents/list-of-medical-institutions-medisave-medishield-life.pdf,emergency_department,https://www.moh.gov.sg/others/resources-and-statistics/healthcare-institution-statistics-attendances-at-emergency-medicine-departments/,,2026-09-30
SINGAPORE GENERAL HOSPITAL,public_acute,https://www.cpf.gov.sg/content/dam/web/member/healthcare/documents/list-of-medical-institutions-medisave-medishield-life.pdf,emergency_department,https://www.moh.gov.sg/others/resources-and-statistics/healthcare-institution-statistics-attendances-at-emergency-medicine-departments/,,2026-09-30
ST. ANDREW'S COMMUNITY HOSPITAL,community,https://www.cpf.gov.sg/content/dam/web/member/healthcare/documents/list-of-medical-institutions-medisave-medishield-life.pdf,not_assessed,,Government-funded community hospital; shares a campus with Changi General Hospital,2026-09-30
ST. LUKE'S HOSPITAL,community,https://www.cpf.gov.sg/content/dam/web/member/healthcare/documents/list-of-medical-institutions-medisave-medishield-life.pdf,not_assessed,,CPF: St Luke's Hospital (Community),2026-09-30
TAN TOCK SENG HOSPITAL,public_acute,https://www.cpf.gov.sg/content/dam/web/member/healthcare/documents/list-of-medical-institutions-medisave-medishield-life.pdf,emergency_department,https://www.moh.gov.sg/others/resources-and-statistics/healthcare-institution-statistics-attendances-at-emergency-medicine-departments/,,2026-09-30
THOMSON MEDICAL CENTRE,private,https://www.cpf.gov.sg/content/dam/web/member/healthcare/documents/list-of-medical-institutions-medisave-medishield-life.pdf,urgent_care_centre,https://www.thomsonmedical.com/blog/urgent-care-centers-in-singapore,Women's and children's private hospital; '24-Hour Urgent Care Centre (Novena)' per its own blog,2026-09-30
TTSH Integrated Care Hub,community,https://www.cpf.gov.sg/content/dam/web/member/healthcare/documents/list-of-medical-institutions-medisave-medishield-life.pdf,not_assessed,,CPF lists under government-funded community hospitals,2026-09-30
Woodlands Hospital,public_acute,https://www.cpf.gov.sg/content/dam/web/member/healthcare/documents/list-of-medical-institutions-medisave-medishield-life.pdf,emergency_department,https://www.wh.com.sg/ClinicalCareServices/MedicalDepartmentsServices/Pages/Emergency-Medicine.aspx,24-hour Emergency Department per Woodlands Health; not yet in MOH's weekly emergency department statistics,2026-09-30
YISHUN COMMUNITY HOSPITAL,community,https://www.cpf.gov.sg/content/dam/web/member/healthcare/documents/list-of-medical-institutions-medisave-medishield-life.pdf,not_assessed,,Government-funded community hospital; shares a campus with Khoo Teck Puat Hospital,2026-09-30
